ID,Name,Concepticon_ID,Concepticon_Gloss
1_allofanumber,all (of a number),98,ALL
2_ashes,ashes,646,ASH
3_barkoftree,bark (of tree),1204,BARK
4_belly,belly,1251,BELLY
5_big,big,1202,BIG
6_bird,bird,937,BIRD
8_blood,blood,946,BLOOD
9_bone,bone,1394,BONE
10_breast,breast,1402,BREAST
11_claw,claw,72,CLAW
12_cloud,cloud,1489,CLOUD
13_coldweather,cold (weather),1287,COLD
14_dog,dog,2009,DOG
16_ear,ear,1247,EAR
17_earthsoil,earth/soil,1228,EARTH (SOIL)
18_egg,egg,744,EGG
19_eye,eye,1248,EYE
21_feather,feather,1201,FEATHER
22_fire,fire,221,FIRE
25_full,full,1429,FULL
26_good,good,1035,GOOD
27_green,green,1425,GREEN
30_head,head,1256,HEAD
31_heart,heart,1223,HEART
32_horn,horn,1393,HORN (ANATOMY)
33_ipronound1s,I (pronoun d:1s),1209,I
34_knee,knee,1371,KNEE
35_leaf,leaf,628,LEAF
36_liver,liver,1224,LIVER
37_long,long,1203,LONG
38_louse,louse,1392,LOUSE
39_man,man,1554,MAN
40_many,many,1198,MANY
42_moon,moon,1313,MOON
43_mountain,mountain,639,MOUNTAIN
44_mouth,mouth,674,MOUTH
45_name,name,1405,NAME
46_neck,neck,1333,NECK
47_new,new,1231,NEW
48_night,night,1233,NIGHT
49_nose,nose,1221,NOSE
50_not,not,1240,NOT
51_one,one,1493,ONE
52_person,person,683,PERSON
53_red,red,156,RED
54_roadpath,road/path,2457,PATH OR ROAD
55_root,root,670,ROOT
56_round,round,1395,ROUND
57_sand,sand,671,SAND
58_seed,seed,714,SEED
59_skin,skin,763,SKIN
60_small,small,1246,SMALL
61_smokeoffire,smoke (of fire),778,SMOKE (EXHAUST)
62_star,star,1430,STAR
63_stone,stone,857,STONE
64_sun,sun,1343,SUN
65_tail,tail,1220,TAIL
68_thou,thou,1215,THOU
69_tobite,to bite,1403,BITE
70_toburnintrans,to burn (intrans.),2102,BURN
71_tocome,to come,1446,COME
72_todie,to die,1494,DIE
73_todrink,to drink,1401,DRINK
74_toeat,to eat,1336,EAT
75_tofly,to fly,1441,FLY (MOVE THROUGH AIR)
76_togive,to give,1447,GIVE
77_tohear,to hear,1408,HEAR
78_tokill,to kill,1417,KILL
79_toknowfacts,to know (facts),1410,KNOW (SOMETHING)
80_toliedown,to lie down,215,LIE DOWN
81_torain,to rain,1253,RAIN (RAINING)
82_tosay,to say,1458,SAY
83_tosee,to see,1409,SEE
84_tosit,to sit,1416,SIT
85_tosleep,to sleep,1585,SLEEP
86_tostand,to stand,1442,STAND
87_toswim,to swim,1439,SWIM
88_towalk,to walk,1443,WALK
89_tongue,tongue,1205,TONGUE
90_toothfrontratherthanmolar,tooth (front rather than molar),1380,TOOTH
91_tree,tree,906,TREE
92_two,two,1498,TWO
93_warmhot,warm/hot,2272,HOT OR WARM
94_water,water,948,WATER
95_weinclpronound1pincl,"we incl. (pronoun d:1p, incl)",1131,WE (INCLUSIVE)
96_what,what?,1236,WHAT
97_white,white,1335,WHITE
98_who,who?,1235,WHO
99_woman,woman,962,WOMAN
100_yellow,yellow,1424,YELLOW
101_and,and,1577,AND
102_animal,animal,619,ANIMAL
103_at,at,1461,AT
106_because,because,1157,BECAUSE
107_berry,berry,904,BERRY
108_toblowwind,to blow (wind),175,BLOW (OF WIND)
109_tobreathe,to breathe,1407,BREATHE
111_tocount,to count,1420,COUNT
112_tocut,to cut,1432,CUT
113_daynotnight,day (not night),1260,DAY (24 HOURS)
114_todig,to dig,1418,DIG
116_dullknife,dull (knife),1397,DULL
117_dust,dust,2,DUST
119_far,far,1406,FAR
120_father,father,1217,FATHER
121_tofear,to fear,1419,FEAR (BE AFRAID)
122_few,few,1242,FEW
123_tofight,to fight,1423,FIGHT
124_five,five,493,FIVE
125_tofloat,to float,1574,FLOAT
126_toflow,to flow,2003,FLOW
127_flower,flower,239,FLOWER
128_fog,fog,249,FOG
129_four,four,1500,FOUR
131_grass,grass,606,GRASS
132_guts,guts,1334,GUTS
134_heavy,heavy,1210,HEAVY
135_here,here,136,HERE
136_tohit,to hit,1433,HIT
137_toholdinhand,to hold (in hand),1448,HOLD
138_how,how,1239,HOW
139_tohuntgame,to hunt (game),1435,HUNT
140_husband,husband,1200,HUSBAND
142_if,if,1459,IF
143_ininside,"in, inside",1606,INSIDE
144_lake,lake,624,LAKE
145_tolaugh,to laugh,1355,LAUGH
146_lefthand,left (hand),2182,LEFT HAND
148_tolive,to live,2309,LIVE
149_mother,mother,1216,MOTHER
150_narrow,narrow,1267,NARROW
151_near,near,1942,NEAR
153_other,other,197,OTHER
154_toplay,to play,1413,PLAY
155_topull,to pull,1455,PULL
156_topush,to push,1452,PUSH
157_rightcorrecttrue,"right (correct, true)",1725,CORRECT (RIGHT)
158_righthand,right (hand),2183,RIGHT HAND
159_river,river,666,RIVER
160_rope,rope,1218,ROPE
161_rottenespeciallylog,rotten (especially log),1728,ROTTEN
162_torub,to rub,1449,RUB
163_salt,salt,1274,SALT
164_toscratchaswithfingernailstorelieveitch,to scratch (as with fingernails to relieve itch),1436,SCRATCH
165_seaocean,sea (ocean),1474,SEA
166_tosew,to sew,1457,SEW
167_sharpasknife,sharp (as knife),1396,SHARP
169_tosing,to sing,1261,SING
170_sky,sky,1732,SKY
171_tosmellsomething,to smell (something),1586,SMELL (PERCEIVE)
172_smooth,smooth,1234,SMOOTH
173_snake,snake,730,SNAKE
175_some,some,1241,SOME
176_tospit,to spit,1440,SPIT
177_tosplit,to split,1437,SPLIT
178_tosqueeze,to squeeze,1414,SQUEEZE
179_tostaborstick,to stab (or stick),1434,STAB
180_stickwood,stick (wood),1295,STICK
181_straight,straight,1404,STRAIGHT
182_tosuck,to suck,1421,SUCK
183_toswell,to swell,1573,SWELL
185_theypronound3p,they (pronoun d:3p),817,THEY
186_thick,thick,1244,THICK
187_thin,thin,1400,THIN (SLIM)
188_tothink,to think,1415,THINK (REFLECT)
189_three,three,492,THREE
190_tothrow,to throw,1456,THROW
191_totie,to tie,1917,TIE
192_toturnchangeonesdirection,to turn (change one's direction),1588,TURN
193_tovomit,to vomit,1278,VOMIT
195_wet,wet,1726,WET
196_when,when?,1238,WHEN
197_where,where?,1237,WHERE
198_wide,wide,1243,WIDE
199_wife,wife,1199,WIFE
200_wind,wind,960,WIND
201_wing,wing,1257,WING
202_towipe,to wipe,1454,WIPE
205_worm,worm,1219,WORM
207_year,year,1226,YEAR
210_towait,to wait,1590,WAIT (FOR)
211_wallaby,wallaby,165,WALLABY
213_weexclpronound1pexcl,"we excl. (pronoun d:1p, excl)",1130,WE (EXCLUSIVE)
216_ground,ground,2159,GROUND
217_tospeak,to speak,1623,SPEAK
219_afterwards,afterwards,2093,AFTERWARDS
220_angry,angry,1826,ANGRY
222_bag,bag,2468,BAG
223_bamboo,bamboo,1927,BAMBOO
224_banana,banana,868,BANANA
225_tobehungry,to be hungry,1533,BE HUNGRY
226_tobesick,to be sick,1847,SICK
227_bean,bean,832,BEAN
228_beard,beard,678,BEARD
229_before,before,1882,BEFORE
230_below,below,1485,BELOW OR UNDER
232_boy,boy,1366,BOY
233_tobring,to bring,692,BRING
234_brother,brother,1262,BROTHER
235_butterfly,butterfly,1791,BUTTERFLY
236_broken,broken,588,BROKEN
238_toclose,to close,1046,SHUT
239_tocook,to cook,1100,COOK (SOMETHING)
240_tocry,to cry,1839,CRY
241_cucumber,cucumber,496,CUCUMBER
242_todance,to dance,1879,DANCE
243_door,door,1567,DOOR
244_drum,drum,908,DRUM
245_eel,eel,1013,FRESHWATER EEL
246_elder,elder,725,OLD PERSON
247_enough,enough,1881,ENOUGH
248_fence,fence,1690,FENCE
249_tofill,to fill,2006,FILL
250_finger,finger,1303,FINGER
251_tofind,to find,719,FIND
252_tofinish,to finish,1766,FINISH
253_fingernail,fingernail,1258,FINGERNAIL
254_forest,forest,420,FOREST
255_toget,to get,694,GET
256_girl,girl,1646,GIRL
257_togrow,to grow,479,GROW
258_halffull,half-full,816,HALF
259_hat,hat,771,HAT
260_hawk,hawk,307,HAWK
261_high,high,1265,HIGH
262_togo,to go,695,GO
263_hole,hole,1667,HOLE
264_house,house,1252,HOUSE
265_tohurt,to hurt,2411,HURT (SOMEBODY)
267_knife,knife,1352,KNIFE
268_light,light,630,LIGHT (RADIATION)
269_loose,loose,2506,LOOSE
270_tolose,to lose,1660,LOSE
271_milk,milk,635,MILK
272_morning,morning,1339,MORNING
273_nut,nut,191,NUT
274_topeel,to peel,275,PEEL
275_pig,pig,1337,PIG
276_pinetree,pine tree,1740,PINE
277_toplant,to plant,1486,PLANT (SOMETHING)
278_pumpkin,pumpkin,864,PUMPKIN
279_rat,rat,1490,RAT
280_sister,sister,1263,SISTER
281_skirt,skirt,1600,SKIRT
282_soft,soft,1856,SOFT
283_slow,slow,701,SLOW
285_tostay,to stay,,
286_tostop,to stop,2115,CEASE OR FINISH
289_sweetpotato,sweet potato,159,SWEET POTATO
290_totalk,to talk,2708,TALK
291_tobacco,tobacco,974,TOBACCO
292_today,today,1283,TODAY
293_tomorrow,tomorrow,1329,TOMORROW
294_totouch,to touch,1892,TOUCH
295_totrade,to trade,2135,TRADE OR BARTER
296_fruit,fruit,1507,FRUIT
298_youpronound2s,you (pronoun d:2s),,
299_shoulder,shoulder,1482,SHOULDER
300_cassowary,cassowary,466,CASSOWARY
301_stringbag,string bag,,
322_male,male,1553,MALE
323_female,female,2105,FEMALE PERSON
324_canoe,canoe,1970,CANOE
325_village,village,930,VILLAGE
326_yesterday,yesterday,1174,YESTERDAY
327_oar,oar,3137,OAR
328_betelnut,betelnut,217,BETELNUT
329_lime,lime,982,LIME (FRUIT)
330_crocodile,crocodile,1857,CROCODILE
331_mosquito,mosquito,1509,MOSQUITO
333_sagogrub,sago grub,2802,SAGO GRUB
334_sagopalm,sago palm,2372,SAGO PALM
335_sagorefuse,sago refuse,,
339_spineofleaf,spine of leaf,,
498_medialverbsuffixds,Medial Verb Suffix DS,,
499_medialsequentialsuffixhavingfinishedthatandthen,"Medial Sequential Suffix (having finished that, and then)",,
506_medialssverbsuffix,Medial SS Verb Suffix,,
511_forbenefactivecliticisedorsuffixedtonoun,for (benefactive) ((cliticised or suffixed to noun)),,
791_thigh,thigh,800,THIGH
792_son,son,1620,SON
793_which,which?,727,WHICH
794_howmuch,how much?,531,HOW MUCH
795_now,now,1376,NOW
796_tocough,to cough,879,COUGH
797_bush,bush,1683,BUSH
798_relative,Relative,1644,RELATIVES
799_garden,garden,586,GARDEN
801_penis,penis,1222,PENIS
802_lizard,lizard,632,LIZARD
804_purposiveverbsuffix,purposive verb suffix,,
805_tocallout,to call out,,
806_navel,navel,1838,NAVEL
807_trunkoftree,trunk (of tree),776,TRUNK OF TREE
808_yesterdaytomorrow,"yesterday, tomorrow",,
810_predicativepossessivesuffix,predicative possessive suffix,,
812_toscrapeoff,to scrape off,1767,SCRAPE
813_todrill,to drill,1501,BORE
814_leech,leech,949,WATER LEECH
817_topain,to pain,2561,HURT (SENSE PAIN)
818_tochopcutdown,"to chop, cut down",155,CHOP
822_plsuffixonkinshipnouns,PL suffix on kinship nouns,,
823_breadfruit,breadfruit,2371,BREADFRUIT
824_taro,taro,351,TARO
825_body,body,1480,BODY
827_toenter,to enter,749,ENTER
829_vagina,vagina,1836,VAGINA
831_honeybee,(honey) bee,665,BEE
833_ripe,ripe,178,RIPE
834_acertainonesomeanother,"a (certain one), some, another",,
835_spearn,spear (N),945,SPEAR
836_tospear,to spear,473,SPEAR (SOMEBODY)
837_anusbuttocks,"anus, buttocks",1935,ANUS
838_torun,to run,1519,RUN
840_immediateimperativepluralverbsuffix,(immediate) imperative plural verb suffix,,
841_locativenounsuffixattofrom,"Locative noun suffix (at, to, from)",,
842_topourout,to pour out,1487,POUR
843_tobuysellbarter,"to buy, sell, barter",,
845_siblingsamesexyounger,"sibling, same sex, younger",3038,SAME-SEX YOUNGER SIBLING
847_noosetrapnet,"noose, trap, net",1075,TRAP (PITFALL)
849_todomake,"to do, make",813,DO
850_workn,work (n),984,WORK (LABOUR)
851_tosneeze,to sneeze,1621,SNEEZE
853_tochew,to chew,321,CHEW
856_or,or,1014,OR
857_siblingsamesexolder,"sibling, same sex, older",3037,SAME-SEX OLDER SIBLING
858_clothclothes,"cloth, clothes",1895,CLOTHES
859_cooked,cooked,269,COOKED
860_toclearbushforplanting,to clear bush for planting,,
861_bedbug,bed bug,1949,BEDBUG
862_plateauflatland,"plateau, flat land",,
863_tojokemockmakefunof,"to joke (mock, make fun of)",2760,MAKE A JOKE
864_tobreak,to break,680,BREAK (DESTROY OR GET DESTROYED)
865_withbymeansof,with (by means of),,
866_side,side,866,WIN
867_backofhand,back (of hand),,
868_orplinsomeverbs,OR PL in some verbs,,
869_orsginsomeverbs,OR SG in some verbs,,
871_transitiveverbformingsuffixcausative,"transitive verb forming suffix, causative",,
872_toreturn,to return,581,COME BACK
873_verbsuffixpresentcontinuoussg,"verb suffix, present continuous, SG",,
874_oldwoman,old woman,907,OLD WOMAN
875_toopen,to open,1156,OPEN
877_pawpaw,pawpaw,2445,PAPAYA
878_likesimilar,"like, similar",1558,SIMILAR
879_verbsuffixpasttensesg,"verb suffix, past tense SG",,
880_quickly,quickly,2220,MOVE QUICKLY
881_also,also,,
882_raisedlandridge,"raised land, ridge",1748,RIDGE
883_siblingoppositesexolder,"sibling, opposite sex, older",3039,DIFFERENT-SEX OLDER SIBLING
884_medialverbsuffix,Medial Verb Suffix,,
885_only,only,1580,ONLY
886_cordylinesp,Cordyline sp.,,
888_nonot,"no, not",1269,NO
890_tospintwirl,"to spin, twirl",121,SPIN
893_topoffoot,top (of foot),,
894_middletongue,"middle, tongue",,
895_baby,baby,1289,BABY
896_elbow,elbow,981,ELBOW
897_thumb,thumb,1781,THUMB
898_oldman,old man,406,OLD MAN
899_flyingfox,flying fox,235,FLYING FOX
900_frog,frog,503,FROG
902_vine,vine,343,VINE
903_afternoon,afternoon,1807,AFTERNOON
904_ten,ten,1515,TEN
905_yes,yes,1268,YES
906_tocatch,to catch,702,CATCH
907_people,people,789,PEOPLE
908_across,across,2670,ACROSS
909_gourdmans,gourd man's,2671,PENIS SHEATH
911_tolook,to look,1819,LOOK
912_net,net,2963,NET
913_lips,lips,478,LIP
914_afraid,afraid,1419,FEAR (BE AFRAID)
915_armpit,armpit,1886,ARMPIT
916_bow,bow,994,BOW
917_bowstring,bowstring,2119,BOW STRING
918_branch,branch,1531,BRANCH
919_buttocks,buttocks,834,BUTTOCKS
920_calfofleg,calf (of leg),1989,CALF
921_charcoal,charcoal,1188,CHARCOAL
922_coconut,coconut,970,COCONUT
924_crooked,crooked,297,CROOKED
925_different,different,2504,DIFFERENT
926_evening,evening,1629,EVENING
927_deep,deep,1593,DEEP
930_hill,hill,614,HILL
931_hishersitspronounp3s,"his, hers, its (pronoun p:3s)",2092,HIS OR HER
932_hornbill,hornbill,3260,HORNBILL
933_tolunge,to lunge,,
934_mud,mud,640,MUD
935_mypronounp1s,my (pronoun p:1s),2090,MY
936_nostril,nostril,1178,NOSTRIL
939_rattan,rattan,2497,RATTAN
940_rib,rib,801,RIB
942_sago,sago,2270,SAGO
943_scar,scar,497,SCAR
945_shinbone,shin bone,,
946_sorewound,"sore, wound",51,SORE
947_saliva,saliva,1503,SALIVA
948_throat,throat,1346,THROAT
949_yourpronounp2s,your (pronoun: p:2s),732,YOUR (SINGULAR)
950_yourplpronounp2p,your pl (pronoun p:2p),2274,YOUR (PLURAL)
951_language,language,1307,LANGUAGE
952_lungs,lungs,688,LUNG
954_tofelltree,to fell tree,463,FELL (A TREE)
955_sagotree,sago tree,,
956_sagoflour,sago flour,,
959_tears,tears,1651,TEAR (OF EYE)
960_thorn,thorn,124,THORN
961_tinea,tinea,3173,TINEA
962_vein,vein,1924,VEIN
963_raw,raw,1959,RAW
964_shallow,shallow,193,SHALLOW
965_sagoswamp,sago swamp,,
966_shrimp,shrimp,2349,SHRIMP
969_totake,to take,1749,TAKE
971_these,these,,
972_rainbow,rainbow,1733,RAINBOW
973_chest,chest,1592,CHEST
974_hard,hard,1884,HARD
975_pigeon,pigeon,1853,DOVE
976_lightning,lightning,1654,LIGHTNING
977_sour,sour,1906,SOUR
978_sweet,sweet,717,SWEET
979_nothing,nothing,687,NOTHING
980_bushhen,bush hen,,
981_cheek,cheek,1730,CHEEK
983_stomach,stomach,819,STOMACH
984_grandfather,grandfather,1383,GRANDFATHER
985_grandmother,grandmother,1496,GRANDMOTHER
986_mansfatherinlaw,mans' father in law,2255,FATHER-IN-LAW (OF MAN)
987_mansmotherinlaw,man's mother in law,2257,MOTHER-IN-LAW (OF MAN)
988_womansinlaw,woman's in law,,
989_sisterinlaw,sister in law,2317,SISTER-IN-LAW
990_brotherinlaw,brother in law,2314,BROTHER-IN-LAW
995_grandson,grandson,1618,GRANDSON
996_uncle,uncle,1327,UNCLE
997_nephew,nephew,1063,NEPHEW
998_rafter,rafter,829,RAFTER
999_batten,batten,,
1000_youth,youth,,
1001_daughter,daughter,1357,DAUGHTER
1002_owl,owl,735,OWL
1003_python,python,1563,PYTHON
1004_ghost,ghost,1175,GHOST
1005_corn,corn,506,MAIZE
1006_go,go!,695,GO
1189_above,above,1741,ABOVE
1190_ant,ant,587,ANT
1191_machete,machete,2680,MACHETE
1192_bandicoot,bandicoot,3012,BANDICOOT
1193_bat,bat,1793,BAT
1194_tobathe,to bathe,138,BATHE
1195_behind,behind,1686,BEHIND
1196_birdspgallinaceous,bird sp. (gallinaceous),,
1197_bitter,bitter,887,BITTER
1198_blister,blister,1584,BLISTER
1200_tobeborn,to be born,1090,BE BORN
1201_bottom,bottom,690,BOTTOM
1202_tocarry,to carry,700,CARRY
1204_cassava,cassava,925,CASSAVA
1205_tochase,to chase,1435,HUNT
1206_cockatoo,cockatoo,,
1207_cockroach,cockroach,1575,COCKROACH
1208_cuscus,cuscus,,
1210_deaf,deaf,458,DEAF PERSON
1211_todefecate,to defecate,676,SHIT (DEFECATE)
1212_todream,to dream,1920,DREAM (SOMETHING)
1213_drift,drift,,
1215_embers,embers,67,EMBERS
1216_fast,fast,1631,FAST
1218_fern,fern,,
1222_fishspcatfish,"fish sp., catfish",,
1224_flute,flute,777,FLUTE
1225_friend,friend,1325,FRIEND
1227_gecko,gecko,2355,GECKO
1229_togodown,to go down,2014,GO DOWN (DESCEND)
1230_togohome,to go home,142,RETURN HOME
1231_togoup,to go up,705,GO UP (ASCEND)
1232_god,God,1944,GOD
1233_hairbody,hair (body),189,HAIR (BODY)
1234_tohang,to hang,357,HANG UP
1235_headache,headache,,
1236_human,human,683,PERSON
1237_mat,mat,195,MAT
1238_monitorlizard,monitor lizard,3017,MONITOR LIZARD
1239_mucus,mucus,208,NASAL MUCUS (SNOT)
1240_mushroom,mushroom,641,MUSHROOM
1241_naked,naked,590,NAKED
1242_dark,dark,706,DARK
1243_noontime,noontime,2490,NOON
1244_overthere,over there,,
1245_palmmidrib,palm midrib,,
1246_palmsp,palm sp.,1181,PALM TREE
1247_pandanusfruit,pandanus fruit,,
1249_topick,to pick,2148,PICK
1252_rest,rest,168,REST
1254_sagomidrib,sago midrib,,
1255_sagoporridge,sago porridge,,
1256_sagostirrer,sago stirrer,,
1257_sap,sap,345,SAP
1258_shellfish,shellfish,,
1259_toshoot,to shoot,1172,SHOOT
1262_spider,spider,843,SPIDER
1263_tosteal,to steal,713,STEAL
1264_strong,strong,785,STRONG
1265_surprised,surprised,1572,SURPRISED
1266_toswallow,to swallow,897,SWALLOW
1267_swamp,swamp,1145,SWAMP
1268_tosweat,to sweat,126,SWEAT (PERSPIRE)
1269_swollen,swollen,,
1270_tobethirsty,to be thirsty,847,THIRSTY
1271_tobetired,to be tired,1757,TIRED
1272_toenail,toenail,2662,TOENAIL
1273_tomorrowmorning,tomorrow morning,,
1274_tongs,tongs,272,TONGS
1275_totravel,to travel,2393,JOURNEY
1276_treekangaroo,tree kangaroo,,
1277_treespgnetumgnemon,tree sp. (Gnetum gnemon),,
1278_tuber,tuber,,
1280_turtle,turtle,112,TURTLE
1281_tourinate,to urinate,592,PISS
1282_urine,urine,1142,URINE
1283_vegetable,vegetable,924,VEGETABLES
1284_towakeup,to wake up,1602,WAKE UP
1285_termite,termite,883,TERMITE
1286_wasp,wasp,1517,WASP
1287_later,later,477,LATE
1288_flat,flat,1633,FLAT
1289_headwaters,headwaters,2672,HEADWATERS
1290_tonotknow,to not know,,
1291_oralcavity,oral cavity,2674,ORAL CAVITY
1292_voice,voice,1363,VOICE
1293_island,island,622,ISLAND
1294_rice,rice,926,RICE
1295_tobeat,to beat,1665,BEAT
1296_six,six,1703,SIX
1297_seven,seven,1704,SEVEN
1298_eight,eight,1705,EIGHT
1299_nine,nine,1483,NINE
1300_twenty,twenty,1710,TWENTY
1301_onehundred,one hundred,1634,HUNDRED
1302_twohundred,two hundred,,
1303_thousand,thousand,1843,THOUSAND
1305_nail,nail,502,NAIL (TOOL)
1306_iseethesnake,i see the snake,,
1307_thesnakeseesme,the snake sees me,,
1551_abdomen,abdomen,1251,BELLY
1552_anattolipsticktree,anatto (lipstick tree),,
1553_ankle,ankle,803,ANKLE
1555_armhand,"arm, hand",2121,ARM OR HAND
1557_aunt,aunt,1272,AUNT
1558_bambooknife,bamboo knife,,
1559_bananaseed,banana seed,,
1560_basket,basket,1539,BASKET
1562_birdofparadise,bird of paradise,2673,BIRD OF PARADISE
1563_bit,bit,,
1565_bivalve,bivalve,2785,BIVALVIA (MUSSELS OR OYSTERS)
1566_blackcreature,black (creature),,
1567_blackpalm,black palm,3030,LONTAR PALM
1568_bladder,bladder,1746,BLADDER
1570_toboil,to boil,792,BOIL (OF LIQUID)
1571_boundary,boundary,1010,BOUNDARY
1572_bowl,bowl,1530,BOWL
1576_breathspirit,breath/spirit,870,BREATH
1577_bridgestepsladder,"bridge, steps, ladder",,
1582_calabash,calabash,411,GOURD
1583_cane,cane,146,SUGAR CANE
1584_canoeplatform,canoe platform,,
1585_canoepole,canoe pole,,
1586_canoewithoutoutrigger,canoe without outrigger,,
1587_carpenterbee,carpenter bee,,
1588_tocastnet,to cast net,,
1590_cease,cease,1928,CEASE
1591_centipede,centipede,1974,CENTIPEDE
1592_centre,centre,491,CENTER
1595_chinjaw,"chin, jaw",798,JAW
1596_citrusfruitsp,citrus fruit sp.,1126,CITRUS FRUIT
1597_club,club,1763,CLUB
1598_coconutmat,coconut mat,,
1600_coral,coral,3179,CORAL ROCK
1601_corner,corner,192,CORNER
1602_cousin,cousin,1643,COUSIN
1603_cowife,co-wife,,
1604_cowrie,cowrie,,
1605_crackingsound,cracking sound,1811,SOUND OR NOISE
1610_daylight,daylight,1225,DAY (NOT NIGHT)
1611_desire,desire,2117,DESIRE
1612_dew,dew,1977,DEW
1613_dibblestick,dibble stick,339,DIGGING STICK
1616_dirtmud,"dirt, mud",25,DIRT
1617_discclub,disc club,,
1618_dragonfly,dragon-fly,2352,DRAGONFLY
1619_drawwatercarry,draw water / carry,1911,DRAW (WATER)
1624_earthmud,earth/mud,2158,EARTH (WET SUBSTANCE)
1626_empty,empty,1624,EMPTY
1628_eyelashes,eyelashes,1540,EYELASH
1629_faceforehead,"face, forehead",,
1631_fatherinlaw,father-in-law,1055,FATHER-IN-LAW
1633_feast,feast,,
1637_firefly,firefly,206,FIREFLY
1639_flame,flame,889,FLAME
1640_flysp,fly sp.,1504,FLY (INSECT)
1641_tofold,to fold,1470,FOLD
1642_food,food,256,FOOD
1646_fur,fur,580,FUR
1648_grandfathergrandchild,"grandfather, grandchild",,
1649_grasshopper,grasshopper,607,GRASSHOPPER
1652_greens,greens,,
1654_headcovering,head covering,,
1658_honeybeehive,"honey, beehive",88,BEEHIVE
1659_hot,hot,1286,HOT
1660_houseofmangreeting,"house of man, greeting",408,MEN'S HOUSE
1661_houseofwoman,house of woman,,
1662_houseposts,house posts,281,POST
1664_ignite,ignite,737,LIGHT (IGNITE)
1665_insectsp,insect sp.,620,INSECT
1668_irontool,iron tool,,
1670_kunai,kunai,1901,SHOVEL
1671_lavalavasarong,lavalava (sarong),,
1672_leafwovenitem,leaf-woven item,,
1673_lee,lee,,
1675_legfoot,"leg, foot",2098,FOOT OR LEG
1678_limestick,limestick,,
1681_loincloth,loincloth,1965,LOINCLOTH
1683_magic,magic,392,MAGIC
1686_mallet,mallet,1481,HAMMER
1687_mango,mango,2398,MANGO
1688_maternaluncle,maternal uncle,3220,MATERNAL UNCLE
1690_motherinlaw,mother-in-law,1050,MOTHER-IN-LAW
1691_nape,nape,1347,NAPE (OF NECK)
1693_needlefishsp,needlefish sp.,,
1694_nest,nest,539,NEST
1695_nipapalm,nipa palm,,
1696_noise,noise,1182,NOISE
1697_odour,odour,,
1699_paddle,paddle,234,PADDLE
1702_palmroof,palm roof,,
1704_pandanusmat,pandanus mat,,
1705_pandanusnet,pandanus (net),,
1706_topant,to pant,,
1707_part,part,779,PART
1708_parrot,parrot,882,PARROT
1709_pepper,pepper,1385,PEPPER
1710_pigeonparrot,pigeon/parrot,,
1711_pineappleclub,pineapple club,1763,CLUB
1712_platform,platform,3269,PORCH
1713_pot,pot,1462,POT
1714_pouch,pouch,2951,POUCH
1715_pufferfish,puffer fish,,
1717_toputgive,"to put, give",,
1718_raft,raft,1664,RAFT
1721_reciprocalaction,reciprocal action,,
1723_ridgepole,ridge pole,280,RIDGEPOLE
1726_roast,roast,1962,ROAST (SOMETHING)
1730_sandfly,sandfly,95,SANDFLY
1731_sawfish,sawfish,,
1736_shadowshadeshadow,"shadow (shade, shadow)",2275,SHADOW
1738_sheath,sheath,,
1739_shellhull,"shell, hull",,
1740_shootingstar,shooting star,2288,METEROID (SHOOTING OR SHINING STAR)
1742_siblingoppositesex,"sibling, opposite sex",,
1743_siblings,siblings,1640,SIBLING
1750_slipoffoot,slip of foot,1324,SLIP
1751_soup,soup,1547,SOUP
1753_spirit,spirit,53,SPIRIT
1754_squidink,squid (ink),2643,INK
1757_stirpaddle,"stir, paddle",696,STIR
1758_story,story,2060,STORY
1759_strainer,strainer,,
1760_sugarcane,sugarcane,146,SUGAR CANE
1765_thicket,thicket,,
1767_threedaysagoorhence,three days ago or hence,2333,THREE DAYS BEFORE NOW
1770_torch,torch,1919,TORCH
1773_treebase,tree base,,
1774_twodaysagoorhence,two days ago or hence,,
1776_urchin,urchin,,
1779_waist,waist,1681,WAIST
1781_walkingstick,walking stick,1296,WALKING STICK
1782_dugong,dugong,,
1783_towash,to wash,1453,WASH
1784_weavingwovenmaterial,weaving/woven material,,
1786_windcold,"wind, cold",,
1787_woodwick,wood/wick,1803,WOOD
1789_wrap,wrap,1113,WRAP
1790_youngerlastborn,younger/lastborn,,
1854_netbag,net bag,293,NETBAG
1863_weexcldualpronound1pexcldual,"we excl. dual (pronoun d:1p, excl, dual)",2636,WE TWO (EXCLUSIVE)
1864_youpluraltwopronound2pdual,"you plural two (pronoun d:2p, dual)",2111,YOU TWO
1866_weexclpluralpronound1pexclplural,"we excl. plural (pronoun d:1p, excl, plural)",2636,WE TWO (EXCLUSIVE)
1901_recline,recline,,
1905_theydualpronound3pdual,"they dual (pronoun d:3p, dual)",,
1906_wedualpronound1pdual,"we dual (pronoun d:1p, dual)",2634,WE TWO
1907_wepronound1p,we (pronoun d:1p),1212,WE
1908_youtwopronound2sdual,"you two (pronoun d:2s, dual)",2111,YOU TWO
1909_but,but,3843,BUT
1910_therefore,therefore,,
1911_toclimb,to climb,1102,CLIMB
1912_towork,to work,1086,WORK (ACTIVITY)
1913_tochoose,to choose,1750,CHOOSE
1914_needle,needle,1382,NEEDLE (FOR SEWING)
1915_toyawn,to yawn,1028,YAWN
1916_topound,to pound,354,POUND
1917_painfulsick,"painful, sick",2103,PAINFUL OR SICK
1918_shyashamed,"shy, ashamed",487,SHY
1919_thatchroof,"thatch, roof",2100,THATCH OR ROOF
1921_tohide,to hide,2486,HIDE
1922_fifty,fifty,1717,FIFTY
1925_again,again,204,AGAIN
1926_beside,beside,1816,BESIDE
1927_andi,and I,,
1928_snail,snail,1543,SNAIL
1929_ginger,ginger,2500,GINGER
1930_placenamesuffix,placename suffix,,
1931_nominalcollective,nominal collective,,
1932_inconsequential,inconsequential,,
1933_cobweb,cobweb,1065,SPIDER WEB
1934_dye,dye,157,DYE
1935_vegetation,vegetation,653,PLANT (VEGETATION)
1936_toshake,to shake,1909,SHAKE
1937_down,down,1326,DOWN
1938_thing,thing,738,THING
1939_earthquake,earthquake,6,EARTHQUAKE
1940_todrip,to drip,808,DRIP (FALL IN GLOBULES)
1941_tall,tall,711,TALL
1942_fig,fig,322,FIG
1943_topic,topic,,
1944_kinsman,kinsman,,
1945_interrogative,interrogative,,
1946_just,just,84,JUST
1947_inessive,inessive,,
1948_help,help,1897,HELP
1949_negative,negative,,
1950_locative,locative,,
1951_similar,similar,1558,SIMILAR
1952_separative,separative,,
1953_slope,slope,3076,SLOPE
1954_vocative,vocative,,
1955_unripe,unripe,1958,UNRIPE
1956_crosscousin,cross cousin,3162,CROSS-COUSIN
1957_outside,outside,762,OUTSIDE
1958_tostink,to stink,1587,SMELL (STINK)
1960_mustard,mustard,3181,MUSTARD
1961_speech,speech,1115,SPEECH
1962_towatch,to watch,1650,WATCH
1963_tosharpen,to sharpen,251,SHARPEN (SOMETHING)
1964_knot,knot,760,KNOT
1965_tojump,to jump,1829,JUMP
1966_shootplant,"shoot, plant",,
1967_firelight,firelight,,
1968_vulva,vulva,1837,VULVA
1969_shortpieceofwood,short-piece-of-wood,,
1970_eleven,eleven,1706,ELEVEN
1971_twelve,twelve,1707,TWELVE
1972_thirteen,thirteen,1708,THIRTEEN
1973_fourteen,fourteen,2451,FOURTEEN
1974_fifteen,fifteen,1709,FIFTEEN
1975_sixteen,sixteen,2454,SIXTEEN
1976_seventeen,seventeen,2453,SEVENTEEN
1977_eighteen,eighteen,1713,EIGHTEEN
1978_nineteen,nineteen,1714,NINETEEN
1979_song,song,1096,SONG
1980_treetop,tree top,,
1981_togooutside,to go outside,1107,GO OUT
1982_palmofhand,palm (of hand),1183,PALM OF HAND
1983_soleoffoot,sole (of foot),2666,SOLE (FOOT)
1984_olderbrother,older brother,1759,OLDER BROTHER
1985_youngerbrother,younger brother,1760,YOUNGER BROTHER
1986_oldersister,older sister,1758,OLDER SISTER
1987_youngersister,younger sister,1761,YOUNGER SISTER
1988_stump,stump,241,TREE STUMP
1989_tanket,tanket,2046,APRON
1990_blind,blind,1653,BLIND
1991_tounderstand,to understand,1536,UNDERSTAND
1993_totell,to tell,1711,TELL
1994_rain,rain,2108,RAINING OR RAIN
1995_hand,hand,1277,HAND
1996_leftside,left-side,244,LEFT
1997_rightside,right-side,1019,RIGHT
2010_leg,leg,1297,LEG
2011_arm,arm,1673,ARM
2012_fat,fat,323,FAT (ORGANIC SUBSTANCE)
2013_plant,plant,653,PLANT (VEGETATION)
2014_true,true,1657,TRUE
2015_path,path,2252,PATH
2016_foot,foot,1301,FOOT
2017_jaw,jaw,798,JAW
2018_forehead,forehead,123,FOREHEAD
2019_chin,chin,1510,CHIN
2021_painful,painful,1129,PAINFUL
2022_faecesdungfaecesexcrement,"faeces (dung, faeces, excrement)",675,FAECES (EXCREMENT)
2023_gstring,g-string,468,G-STRING
2024_tobury,to bury,1719,BURY
2025_face,face,1560,FACE
2026_treepossum,tree possum,,
2027_groundpossum,ground possum,,
2028_sugar,sugar,862,SUGAR
2029_coconutpalm,coconut palm,147,COCONUT TREE
2030_siblingsamesex,"sibling, same sex",,
2031_brains,brains,1583,BRAIN
2032_siblingoppositesexyounger,"sibling, opposite sex, younger",3040,DIFFERENT-SEX YOUNGER SIBLING
2033_crayfish,crayfish,467,CRAYFISH
2034_tobe,to be,1579,BE
2035_arecanut,areca nut,,
2036_daybeforeyesterday,day before yesterday,1180,DAY BEFORE YESTERDAY
2037_howmany,how many?,822,HOW MANY
2038_shrub,shrub,751,SHRUB
2039_betelpeppervine,betelpepper vine,177,BETEL PEPPER VINE
2040_comb,comb,1475,COMB
2041_leftarm,left (arm),,
2042_rightarm,right (arm),,
2043_spittle,spittle,1503,SALIVA
2044_daybreak,daybreak,729,DAWN
2045_valley,valley,921,VALLEY
2046_cliff,cliff,992,CLIFF
2047_possum,possum,470,POSSUM
2048_always,always,1676,ALWAYS
2050_towards,towards,2754,TOWARDS
2051_totear,to tear,1735,TEAR (SHRED)
2052_siblingolder,sibling older,405,OLDER SIBLING
2053_siblingyounger,sibling younger,427,YOUNGER SIBLING
2054_shore,shore,113,SHORE
2055_plate,plate,480,PLATE
2056_pan,pan,31,PAN
2057_courage,courage,3049,COURAGE
2058_tohusk,to husk,,
2059_mepronouno1s,me (pronoun o:1s),2301,ME
2060_uspronouno1p,us (pronoun o:1p),2310,US (OBLIQUE CASE OF WE)
2061_thought,thought,2975,THOUGHT
2068_himheritpronouno3s,"him, her, it (pronoun o:3s)",,
2069_tolieonground,to lie on ground,1411,LIE (REST)
2070_underneath,underneath,,
2071_ontop,on top,57,ATOP
2072_singsing,singsing,,
2073_ripebanana,ripe banana,,
2074_negationmarker,negation-marker,1240,NOT
2075_possessivemarker,possessive-marker,,
2076_fishspear,fish spear,841,FISHING SPEAR
2077_dayaftertomorrow,day after tomorrow,1179,DAY AFTER TOMORROW
2078_singaporetaroxanthosomasaggitifolium,singapore taro (Xanthosoma saggitifolium),351,TARO
2079_weincldualpronound1pincldual,"we incl. dual (pronoun d:1p, incl, dual)",2637,WE TWO (INCLUSIVE)
2081_tofasten,to fasten,1094,FASTEN
2082_youpronouno2s,you (pronoun o:2s),2304,THEE (OBLIQUE CASE OF YOU)
2083_youplpronouno2p,you pl. (pronoun o:2p),2312,YOU (OBLIQUE CASE OF YOU)
2085_ustwopronouno1pdual,"us two (pronoun o:1p, dual)",,
2086_thempronouno3pdual,"them (pronoun o:3p, dual)",,
2087_axeiron,axe (iron),,
2088_yourtwoplpronounp2pdual,"your (two) pl (pronoun p:2p, dual)",,
2089_ourtwopronounp1pdual,"our (two) (pronoun p:1p, dual)",,
2090_theirpronounp3pdual,"their (pronoun p:3p, dual)",,
2091_chickentame,chicken (tame),,
2092_chickenwild,chicken (wild),,
2093_arrowpronged,arrow (pronged),,
2094_arrowhooked,arrow (hooked),,
2095_arrowbarredarrowwithcrossbar,arrow (barred) (Arrow with cross bar),,
2100_blossom,blossom,,
2101_deathadder,death adder,2654,VIPER
2102_orphan,orphan,1149,ORPHAN
2103_seat,seat,1476,CHAIR
2104_word,word,1599,WORD
2106_theirspronounp3p,theirs (pronoun p:3p),,
2107_testicles,testicles,797,TESTICLES
2108_grandparent,grandparent,2399,GRANDPARENT
2109_witchcraft,witchcraft,,
2110_blue,blue,837,BLUE
2111_alangalang,alangalang,,
2112_blowonfire,blow (on fire),176,BLOW (WITH MOUTH)
2113_burntr,burn (tr.),141,BURN (SOMETHING)
2116_slowly,slowly,2165,SLOWLY
2117_mask,mask,2005,MASK
2118_venus,Venus,,
2119_ornament,ornament,917,ORNAMENT
2120_litterrubbish,"litter, rubbish",909,GARBAGE
2121_braid,braid,1043,BRAID
2122_skull,skull,1605,SKULL
2123_leave,leave,1752,LEAVE
2124_mirror,mirror,1171,MIRROR
2125_statue,statue,1002,STATUE
2126_musicalinstrument,musical instrument,,
2127_died,died,,
2128_festival,festival,131,FESTIVAL
2129_writedraw,"write, draw",1672,WRITE
2130_boat,boat,1844,BOAT
2131_bracelet,bracelet,1754,BRACELET
2132_ochre,ochre,,
2133_kangaroo,kangaroo,164,KANGAROO
2134_stake,stake,,
2135_spade,spade,1176,SPADE
2136_beach,beach,113,SHORE
2137_circumcision,circumcision,393,CIRCUMCISION
2138_adjsuffix,adj. suffix,,
2139_land,land,626,LAND
2140_tograb,to grab,855,SEIZE
2141_firewood,firewood,10,FIREWOOD
2143_enemy,enemy,1358,ENEMY
2144_headman,headman,301,CHIEFTAIN
2145_kidney,kidney,489,KIDNEY
2146_kookaburra,kookaburra,,
2147_littlefinger,little finger,2774,LITTLE FINGER
2148_nettle,nettle,33,NETTLE
2149_pus,pus,1808,PUS
2150_fedupwith,fed up (with),,
2151_sitwithfeetandlegstogether,sit (with feet and legs together),,
2152_smallmammal,small mammal,,
2153_squash,squash,,
2154_taboo,taboo,,
2155_temporary,temporary,,
2157_ask,ask,1309,ASK (INQUIRE)
2158_bluntofegknife,blunt (of e.g. knife),379,BLUNT
2159_cassurinatree,cassurina tree,,
2160_collarbone,collar bone,1994,COLLARBONE
2161_crumbs,crumbs,,
2162_cuthair,cut (hair),,
2163_dirtywater,dirty (water),,
2164_husbandandwife,husband and wife,,
2165_eagle,eagle,1905,EAGLE
2166_huskofnut,husk (of nut),2363,CHAFF (HUSK)
2167_itchy,itchy,149,ITCHY
2168_motherandchild,mother and child,,
2169_molartooth,molar/tooth,1049,MOLAR TOOTH
2170_poor,poor,1674,POOR
2171_pregnant,pregnant,1123,PREGNANT
2172_selfreflexive,"self, reflexive",1993,SELF
2173_inlaw,in-law,,
2174_appetiser,appetiser,,
2175_breakbone,break (bone),,
2176_emphaticpronounmarker,emphatic pronoun marker,,
2177_greedyselfish,"greedy, selfish",2018,GREEDY
2178_pancreas,pancreas,3252,PANCREAS
2179_floor,floor,1632,FLOOR
2180_point,point,,
2181_sorcery,sorcery,,
2182_spark,spark,518,SPARK
2183_sagothatch,Sago thatch,2616,SAGO THATCH
2184_fishtrap,Fishtrap,389,FISH TRAP
2185_fishnet,fishnet,388,FISHNET
2186_grassskirt,grass skirt,328,GRASS-SKIRT
2187_todry,to dry,1786,DRY UP
2189_2sg2ndpersonsingular,2SG (2nd person singular),1215,THOU
2190_search,search,1468,LOOK FOR
2192_teeth,teeth,1380,TOOTH
2193_meatgame,meat (game),,
2194_muscle,muscle,1004,MUSCLE
2196_scrotum,scrotum,797,TESTICLES
2197_lowerback,lower back,,
2198_ash,ash,646,ASH
2199_slick,slick,,
2200_staff,staff,,
2201_midday,midday,12,MIDDAY
2202_tomow,to mow,190,MOW
2203_smelly,smelly,42,STINKING
2204_same,same,200,SAME
2205_upperarm,upper arm,431,UPPER ARM
2206_flesh,flesh,2259,FLESH
2207_goanna,goanna,,
2208_chewingbetel,chewing betel,3161,CHEW BETEL
2209_greencoconut,green coconut,3034,GREEN COCONUT
2210_sagopancake,sago pancake,,
2211_infront,in front,1883,IN FRONT OF
2212_oldpeople,old (people),725,OLD PERSON
2213_young,young,1207,YOUNG
2214_shortthings,short (things),,
2215_shortpeople,short (people),,
2216_awaken,awaken,825,AWAKE
2217_why,why?,1270,WHY
2218_tolay,to lay,2071,LAY (VERB)
2219_topinch,to pinch,378,PINCH
2221_eyebrow,eyebrow,1173,EYEBROW
2222_heel,heel,980,HEEL
2223_sweat,sweat,125,SWEAT (SUBSTANCE)
2224_toe,toe,1389,TOE
2225_ironwood,ironwood,,
2226_goods,goods,,
2227_copulate,copulate,549,COPULATE
2228_copula,copula,1579,BE
2229_matoa,matoa,,
2231_tortoise,tortoise,895,TORTOISE
2232_toshiver,to shiver,52,SHIVER
2233_stairs,stairs,34,STAIRS
2234_fault,fault,134,FAULT
2235_umbilicalcord,umbilical cord,,
2236_avenge,avenge,495,REVENGE
2237_deadperson,dead person,,
2238_sleepy,sleepy,,
2239_wall,wall,933,WALL (OF HOUSE)
2240_crownpigeon,crown-pigeon,,
2241_malicious,malicious,,
2242_tendon,tendon,1137,TENDON
2243_auxiliaryverb,auxiliary verb,,
2244_intransitivizer,intransitivizer,,
2245_suckle,suckle,2472,"SUCKLE (BREASTFEED, NURSE)"
2246_excreta,excreta,47,EXCRETA
2247_dumb,dumb,1492,DUMB
2248_tothrowaway,to throw away,,
2249_totwist,to twist,430,TWIST
2250_newborn,newborn,,
2251_togivebirth,to give birth,1195,GIVE BIRTH
2252_widowed,widowed,,
2253_tofetch,to fetch,,
2254_farm,farm,201,FARM
2255_hesheitthatthose,"he, she, it, that, those",,
2256_badworthless,bad (worthless),,
2257_firegoesout,(fire) goes out,,
2258_togetup,to get up,1512,RISE (ONESELF)
2259_bile,bile,1780,BILE
2260_togather,to gather,7,GATHER
2261_knuckle,knuckle,2824,KNUCKLE
2262_marsupial,marsupial,,
2263_lowbeneath,"low, beneath",1485,BELOW OR UNDER
2264_beunwilling,be unwilling,,
2265_tosuckatbreast,to suck at breast,,
2266_nipple,nipple,796,NIPPLE
2268_backbone,backbone,805,SPINE
2269_youngman,young man,76,YOUNG MAN
2270_mouse,mouse,1491,MOUSE
2271_makewar,make war,2208,BE AT WAR
2272_extinguish,extinguish,127,EXTINGUISH
2273_widow,widow,1756,WIDOW
2274_innermouth,inner mouth,,
2275_lance,lance,,
2276_widower,widower,1981,WIDOWER
2277_tothunder,to thunder,2378,THUNDER (VERB)
2278_intestines,intestines,1991,INTESTINES
2279_tolove,to love,923,LOVE
2280_adamsapple,Adam's apple,802,ADAM'S APPLE
2282_scabies,scabies,3172,SCABIES
2283_toseek,to seek,,
2284_slippery,slippery,,
2285_uncooked,uncooked,1959,RAW
2286_leafdecoration,leaf decoration,,
2287_roofinggrass,roofing grass,,
2288_bushknife,bush knife,,
2289_faraway,far away,,
2290_grandchild,grandchild,1617,GRANDCHILD
2291_stale,stale,,
2292_opening,opening,,
2293_tobake,to bake,183,BAKE
2294_guard,guard,1940,GUARD
2295_sleepingmat,sleeping mat,,
2296_torevenge,to revenge,495,REVENGE
2297_flea,flea,232,FLEA
2301_1ppaucal,1P Paucal,,
2302_2ppaucal,2P Paucal,,
2303_3ppaucal,3P Paucal,,
2304_month,month,1370,MONTH
2314_cat,cat,1208,CAT
2386_armband,armband,3149,ARMLET
2387_ancestor,ancestor,1669,ANCESTORS
2388_lowerarm,lower arm,446,LOWER ARM
2389_carving,carving,,
2390_bundle,bundle,2943,BUNDLE
2391_cave,cave,1155,CAVE
2392_sagopith,sago pith,,
2393_sagotrough,sago trough,,
2394_sagopulp,sago pulp,,
2395_prawn,prawn,238,PRAWNS
2396_power,power,2526,POWER
2397_toplait,to plait,1729,PLAIT OR BRAID OR WEAVE
2398_plank,plank,1227,BOARD
2399_rack,rack,3176,RACK (FOR STORING FOOD)
2400_tofart,to fart,1159,FART
2401_erect,erect,,
2402_fireplace,fireplace,185,FIREPLACE
2403_firetongs,fire tongs,,
2404_tofish,to fish,2638,FISHING
2405_fishweir,fish weir,,
2406_skinny,skinny,1400,THIN (SLIM)
2407_sunlight,sunlight,,
2408_tostraighten,to straighten,,
2409_shield,shield,1064,SHIELD
2410_coconutshell,coconut shell,,
2411_treesap,tree sap,,
2412_secretly,secretly,,
2413_seasidewest,sea side (west),,
2414_fishscale,fish scale,266,SCALE
2415_bushfowl,bush fowl,,
2416_camp,camp,1105,CAMP
2417_ceremonialhouse,ceremonial house,,
2418_container,container,1465,BOX
2419_contents,contents,,
2420_crab,crab,2348,CRAB
2421_crust,crust,,
2422_tocross,to cross,1367,CROSS
2423_movement,movement,,
2424_snot,snot,208,NASAL MUCUS (SNOT)
2425_murder,murder,845,MURDER
2426_nipafruit,nipa fruit,,
2427_hip,hip,1745,HIP
2428_tocutdown,to cut down,355,CUT DOWN
2429_tocutthrough,to cut through,,
2430_dead,dead,1625,DEAD
2431_distribution,distribution,,
2432_drymeat,dry meat,,
2433_edge,edge,863,EDGE
2434_gall,gall,,
2435_wave,wave,978,WAVE
2436_tusk,tusk,3280,TUSK
2437_totremble,to tremble,,
2438_tighthard,"tight, hard",,
2439_arrowshaft,arrow shaft,,
2440_mangrove,mangrove,350,MANGROVE
2441_owner,owner,1036,OWNER
2442_loins,loins,187,LOIN
2443_livelybusy,"lively, busy",,
2444_groin,groin,,
2445_hightide,high tide,613,HIGH TIDE
2446_jobstearsseeds,Job's tears seeds,3281,JOB'S TEARS
2447_tojoin,to join,1743,JOIN
2448_joint,joint,999,JOINT
2449_knotinwood,knot in wood,,
2450_knowledge,knowledge,,
2451_tomakethatch,to make thatch,,
2452_midrib,midrib,,
2453_togiveanorder,to give an order,,
2454_corekernel,"core, kernel",1762,STONE (OF FRUIT)
2455_another,another,197,OTHER
2456_palmcabbage,palm cabbage,,
2477_belt,belt,772,BELT
2478_crossbelt,crossbelt,,
2479_breastornament,breast ornament,,
2481_cap,cap,1288,CAP
2482_cicatrix,cicatrix,497,SCAR
2483_earornament,ear ornament,,
2484_earring,ear-ring,770,EARRING
2485_featherornament,feather ornament,,
2486_gourd,gourd,411,GOURD
2487_headornament,head ornament,,
2488_necklacebeads,necklace (beads),,
2489_necklacedogsteeth,necklace (dogs teeth),,
2490_nosebone,nose-bone,,
2491_pipe,pipe,1124,PIPE
2492_pubicnut,pubic nut,,
2493_pubicshell,pubic shell,,
2494_testicle,testicle,797,TESTICLES
2495_axetomahawk,axe (tomahawk),,
2496_whiskers,whiskers,1165,MOUSTACHE
2497_notknow,not know,,
2498_childf,child (f),,
2499_childm,child (m),,
2500_pandanusedible,pandanus (edible),,
2501_todrawwater,to draw water,1911,DRAW (WATER)
2502_thatdistant,that (distant),,
2503_theredistant,there (distant),,
2504_thisclose,this (close),,
2505_thisfurther,this (further),,
2506_thislohap,this (lohap),,
2507_therelohap,there (lohap),,
2508_yammaho,yam (maho),,
2509_yamtaitu,yam (taitu),,
2510_tofallfromstanding,to fall (from standing),,
2511_tolookfor,to look for,1468,LOOK FOR
2512_tobreakwood,to break wood,,
2513_womansclothespulpul,woman's clothes (pulpul),,
2514_totow,to tow,,
2515_youngboy,young boy,,
2516_comequick,come quick!,,
2517_giveme,give me!,,
2518_giveyou,give you,,
2519_arise,arise,,
2520_makeholeinground,make hole (in ground),1418,DIG
2521_pond,pond,2035,POND
2522_talktohim,talk to him,,
2523_talktome,talk to me,,
2524_talktoyou,talk to you,,
2525_tostandup,to stand up,570,STAND UP
